Modelo,Precio,Categoría
Alisador Kera Coffee Vegan de 1000 ml.,117.05,tratamientos
Emulsion Alisadora Maxybelt Libre De Formol - 900 ml,107.81,tratamientos
Ambroisie Keratina Alisado Sin Formol 4 Pasos - 500 ml,89.99,tratamientos
Tratamiento protector Lakme de 1000 ml,64.6,tratamientos
Tratamiento frizz control Lakme de 1000 ml,61.5,tratamientos
Tratamiento reparador Lakme de 1000 ml,61.5,tratamientos
Mascarilla curl Loreal Profesional de 200 ml,52.37,tratamientos
Mascarilla Vitamino color Loreal Profesional de 250 ml,52.37,tratamientos
Mascarilla Pro longer Loreal de 250 ml,52.37,tratamientos
Mascarilla metal detox Loreal de 250 ml,52.37,tratamientos
Mascarilla Liss Unlimited  Loreal de 250 ml,52.37,tratamientos
Mascarilla Blondifier Loreal de 250 ml,52.37,tratamientos
Mascarilla Reparadora Gold Loreal de 250 ml,52.37,tratamientos
KIT CIRUGÍA CAPILAR,46.21,tratamientos
Spray Vitamino Color 10 en 1 Loreal de 190 ml,44.15,tratamientos
Mousse 10 en 1 Loreal de 250 ml,44.15,tratamientos
Leave in Hidratación Loreal de 200 ml,44.15,tratamientos
Mascarilla vegana colour Echos Line,43.0,tratamientos
Mascarilla Hidratante Intensiva Echos Line de 1000 ml,41.0,tratamientos
Aceite para cabellos secos Echos Line de 100 ml,41.0,tratamientos
Aceite esencial organic Lakme de 100 ml,37.9,tratamientos
Tratamiento protector de color Lakme de 250 ml,36.45,tratamientos
Mascarilla crema gel hidratante Lakme de 250 ml,33.4,tratamientos
Mascarilla de arcilla purificante Lakme de 250 ml,33.4,tratamientos
Tratamiento hidratante intensivo Lakme de 250 ml,33.4,tratamientos
Tratamiento protector full defense Lakme de 250 ml,33.4,tratamientos
Tratamiento frizz control Lakme de 250 ml,33.4,tratamientos
Acondicionador Ego Boosttm Bh Tigi,30.8,tratamientos
"KERA PRIME KIT ( SHAMPOO, MASCARILLA, ACONDICIONADOR)",30.79,tratamientos
Loción estimulante Lakme de 150 ml,30.7,tratamientos
Sérum relief lakme de 150 ml,27.6,tratamientos
Gloss Crystal Echos line - 100 ml,27.6,tratamientos
Mascarilla Hidratante Intensiva Echos Line de 300 ml,27.2,tratamientos
Mascarilla Echos Line De Karbon - 300 ml,25.65,tratamientos
Bi phase loción vegana Antiamarillo Echos Line,25.6,tratamientos
Mascarilla All in One Revlon,24.61,tratamientos
TRATAMIENTO DE EXTRACTO DE CAVIAR 1000,23.61,tratamientos
Tratamiento Revlon Uniq One 1,21.05,tratamientos
Mousse extra fuerte Echos Line,20.55,tratamientos
Keratina brasilera Maxybelt de 200 ml,20.02,tratamientos
CERA SHINE WAX,19.51,tratamientos
Loción vegana reestructurante Echos Line de 250 ml,19.5,tratamientos
Mascarilla colour vegana Echos Line,19.4,tratamientos
Tratamiento Profundo Salon Line - Activador De Rizos 1 kg,18.99,tratamientos
KERAPRIME SOLUTION 120 ml (MÁSCARA RECONSTRUCTOR TRICOMPLEX),18.47,tratamientos
MASCARILLA DE QUINUA,18.38,tratamientos
ACONDICIONADOR KERATIN ULTRAFORCE 1000ml.,16.94,tratamientos
ACONDICIONADOR COLOR GUARD 1000ml,16.94,tratamientos
KERATIN ULTRAFORCE 125ml.,16.89,tratamientos
Crema Para Peinar Salon Line - Máxima Definición 1kg,16.4,tratamientos
Crema Para Peinar Salon Line - Reconstruccion Intensa 1KG,16.4,tratamientos
Tratamiento De Botox Reparación Intensa Maxybelt,16.33,tratamientos
Termoprotector con proteínas Maxybelt de 400 ml,15.9,tratamientos
Mascarilla protectora de color Amethyste de 250 ml,15.4,tratamientos
TRATAMIENTO EXTRACTO DE CAVIAR,13.86,tratamientos
MASCARILLA KIDS,12.89,tratamientos
Mascarilla Salon Line - Rizos Poderosos 500 g,12.89,tratamientos
Mascarilla Salon Line - 5 en 1 Hidratación Intensa  500 g,12.89,tratamientos
Mascarilla Salon Line - Hidratación Intensa 500 g,12.89,tratamientos
Mascarilla Células Madres Maxybelt,12.22,tratamientos
Mascarilla Maxybelt Quinua,12.22,tratamientos
Silicon Reflejo Perlado Affirmer Rene chardon,11.54,tratamientos
CREMA PARA PEINAR TERMOACTIVA,11.28,tratamientos
MASCARILLA RESTAURACIÓN INTENSA PARA RIZOS,10.25,tratamientos
Tratamiento Activador Salon Line 300ml,10.25,tratamientos
MASCARILLA MEU LISO DEMAIS 300gr,10.25,tratamientos
TRATAMIENTO ACEITE DE ARGÁN y JALEA REAL 400 ML,10.17,tratamientos
TRATAMIENTO GUSANO DE SEDA,10.17,tratamientos
Tratamiento Maxybelt Keratina Silicona,10.17,tratamientos
Tratamiento Curls Waves Salon In 300 Ml,9.7,tratamientos
TRATAMIENTO LISS CONTROL LEAVE ON 300ml,9.7,tratamientos
TRATAMIENTO KERATIN ULTRAFORCE 300ml,9.7,tratamientos
TRATAMIENTO HYDRA LEAVE ON 300ml.,9.7,tratamientos
COLOR GUARD LEAVE ON TRATAMIENTO 300ml.,9.7,tratamientos
Silicona Affirmer Rene chardon,9.16,tratamientos
Tratamiento Matizante Mechas Blancas,9.14,tratamientos
Tratamiento Maxybelt  Tono Azul Plata,9.14,tratamientos
TRATAMIENTO ANTIHORQUILLA,9.14,tratamientos
CREMA PARA PEINAR CABELLOS ONDULADOS,8.99,tratamientos
Fijador Affirmer Rene chardon,8.55,tratamientos
GEL TERMOPROTECTOR POLIMERO 200ml,8.2,tratamientos
Mascarilla Capilar Biotanik - Tono Violeta,8.18,tratamientos
Rene Chardon Brillant Reflejo Perlado  250ml,7.53,tratamientos
TRATAMIENTO HIDRATACIÓN PROFUNDA,7.34,tratamientos
Fluido De Oro Biotanik - 100 ml,7.19,tratamientos
Mascarilla Nutrición Intensa Loreal,7.18,tratamientos
TRATAMIENTO DE KERATINA Y SILICONA,7.15,tratamientos
TONICO REVITALIZANTE CRECE PELO,7.15,tratamientos
Crema de Peinar Biotanik - Reparación de Rizos en Crema,6.66,tratamientos
MASCARILLA  REPOLARIZANTE EN FRÍO,6.55,tratamientos
MASCARILLA CAPILAR CRECE CRECE PELO,6.55,tratamientos
Locion anticaida biotanik - bioexil 120ml,6.16,tratamientos
Shaving Gel Barber 3 En 1 Eci - 700ml,6.15,tratamientos
LACA FUERTE,6.15,tratamientos
Pincelle Tinte gray Rene chardon,5.65,tratamientos
Pincelle Tinte violet Rene chardon,5.65,tratamientos
