Modelo,Precio,Categor√≠a
Kaira,35.0,flats-y-deportivos
Kaira,35.0,flats-y-deportivos
Fergie,45.0,flats-y-deportivos
FERGIE,45.0,flats-y-deportivos
Fergie,45.0,flats-y-deportivos
Fergie,45.0,flats-y-deportivos
Fergie,45.0,flats-y-deportivos
Fergie,45.0,flats-y-deportivos
Susan,45.0,flats-y-deportivos
Doris,45.0,flats-y-deportivos
Begonia,45.0,flats-y-deportivos
Kaira,35.0,flats-y-deportivos
Cleopatra,35.0,flats-y-deportivos
Cleopatra,35.0,flats-y-deportivos
Sury,35.0,flats-y-deportivos
Sury,35.0,flats-y-deportivos
Fergie,45.0,flats-y-deportivos
Gina,45.0,flats-y-deportivos
FERGIE,45.0,flats-y-deportivos
Gina,45.0,flats-y-deportivos
CANASTA,45.0,flats-y-deportivos
Victoria,45.0,flats-y-deportivos
Nicole,45.0,flats-y-deportivos
Paulette,45.0,flats-y-deportivos
Paulette,45.0,flats-y-deportivos
Paulette,45.0,flats-y-deportivos
Paulette,45.0,flats-y-deportivos
Paulette,45.0,flats-y-deportivos
Rihanna,45.0,flats-y-deportivos
Victoria,45.0,flats-y-deportivos
Gina,45.0,flats-y-deportivos
Samantha,45.0,flats-y-deportivos
Fergie,45.0,flats-y-deportivos
Doris,45.0,flats-y-deportivos
Gina,45.0,flats-y-deportivos
Nicole,45.0,flats-y-deportivos
Nicole,45.0,flats-y-deportivos
SUSAN,45.0,flats-y-deportivos
Victoria,45.0,flats-y-deportivos
Mery,45.0,flats-y-deportivos
Leyda,35.0,flats-y-deportivos
Perla,35.0,flats-y-deportivos
Victoria,45.0,flats-y-deportivos
Susan,45.0,flats-y-deportivos
Susan,45.0,flats-y-deportivos
Nicole,45.0,flats-y-deportivos
Canasta,35.0,flats-y-deportivos
Victoria,45.0,flats-y-deportivos
